id,parent_id,order_in_parent,created_on,updated_on,content_iid,content_url,name,note,extra,is_deleted
d871dc1a-b33a-4fb0-bba5-918f09fcaa2f,958c8ede-7243-47fa-80e9-a779bc9957cd,0,2022-02-16 15:44:41.353321 +00:00,2022-02-16 15:44:41.353323 +00:00,f12ea887-ff30-370a-826e-a25087c2b926,,,,,FALSE
3ca02c28-7995-4d13-86f9-07fd14eddaa6,958c8ede-7243-47fa-80e9-a779bc9957cd,0,2022-02-16 15:44:44.165888 +00:00,2022-02-16 15:44:44.165890 +00:00,9829fe7d-ac12-337f-8f98-9d0d4646afef,,,,,FALSE
de93d706-2e00-4f51-8e77-17f87a12feb6,958c8ede-7243-47fa-80e9-a779bc9957cd,0,2022-02-16 15:44:48.480330 +00:00,2022-02-16 15:44:48.480332 +00:00,da0bf7c7-f706-37dd-baa4-7e2b259e1ebc,,,,,FALSE
666b08ea-e4c9-4fa6-8c0f-dd761724b147,958c8ede-7243-47fa-80e9-a779bc9957cd,0,2022-02-16 15:44:51.422700 +00:00,2022-02-16 15:44:51.422702 +00:00,6c5543a4-bc9f-38be-b11c-11ba1629d0f8,,,,,FALSE
9d8db320-66c7-47b6-94ff-192fe5b406b9,958c8ede-7243-47fa-80e9-a779bc9957cd,0,2022-02-16 15:44:55.580256 +00:00,2022-02-16 15:44:55.580257 +00:00,69e466e5-a7e8-3184-99b3-a66637518843,,,,,FALSE
7362cff6-d71b-45e4-9d60-47146674b2e2,958c8ede-7243-47fa-80e9-a779bc9957cd,0,2022-02-16 15:45:15.560826 +00:00,2022-02-16 15:45:15.560827 +00:00,7c36a1b4-5abe-3dcb-96b4-2bdf3d942f31,,,,,FALSE
105d2bf6-64b7-4b68-b912-60015adf6fea,958c8ede-7243-47fa-80e9-a779bc9957cd,0,2022-02-16 15:45:38.595716 +00:00,2022-02-16 15:45:38.595717 +00:00,48b96ce4-33da-39bd-9676-931230ea1b68,,,,,FALSE
7ac69436-2ba1-4d27-a7bd-c80d34072ae5,958c8ede-7243-47fa-80e9-a779bc9957cd,0,2022-02-16 15:46:03.966866 +00:00,2022-02-16 15:46:03.966867 +00:00,c1188531-0ade-38e6-b050-8dfce216ea21,,,,,FALSE
2f9e5334-04c7-42fd-bc34-601a474e0ad3,958c8ede-7243-47fa-80e9-a779bc9957cd,0,2022-02-16 15:44:59.401229 +00:00,2022-02-16 15:44:59.401231 +00:00,853f5c70-5ca1-3aa0-9f70-0fb61847168d,,,,,FALSE
7883f57b-7e0d-4678-a71c-3541900fc2c4,958c8ede-7243-47fa-80e9-a779bc9957cd,0,2022-02-16 15:45:18.433221 +00:00,2022-02-16 15:45:18.433223 +00:00,e883691e-00f4-38a8-8a26-d0f8ad7ca0c4,,,,,FALSE
491918f4-f522-4b73-a865-fe072456e3e1,958c8ede-7243-47fa-80e9-a779bc9957cd,0,2022-02-16 15:45:42.979586 +00:00,2022-02-16 15:45:42.979588 +00:00,f2ce9c0d-dd8c-332f-bdef-19d0e8d678fc,,,,,FALSE
02155098-58e5-4ec4-b453-e4c577232867,958c8ede-7243-47fa-80e9-a779bc9957cd,0,2022-02-16 15:46:07.133877 +00:00,2022-02-16 15:46:07.133879 +00:00,6d03a1dd-e50d-3092-88c6-1a019d51ce48,,,,,FALSE
051ac997-1813-418e-b09f-de9a77e97dd1,958c8ede-7243-47fa-80e9-a779bc9957cd,0,2022-02-16 15:45:03.036402 +00:00,2022-02-16 15:45:03.036403 +00:00,66d570ac-081a-334c-998e-8f57bffd38f0,,,,,FALSE
1cc0d12c-2de1-4260-9f9d-9b83d2cc1b5c,958c8ede-7243-47fa-80e9-a779bc9957cd,0,2022-02-16 15:45:07.571471 +00:00,2022-02-16 15:45:07.571474 +00:00,8b226ea3-ca4e-379f-be2e-b651b30a34e2,,,,,FALSE
8b4f6598-4bd6-4149-9c71-ec29dc4e39c5,958c8ede-7243-47fa-80e9-a779bc9957cd,0,2022-02-16 15:45:25.921619 +00:00,2022-02-16 15:45:25.921620 +00:00,0f0a0dd4-8327-3a71-a250-a5d4b2710dc3,,,,,FALSE
696364c7-816a-4691-81c4-de860971e9cf,958c8ede-7243-47fa-80e9-a779bc9957cd,0,2022-02-16 15:45:29.759507 +00:00,2022-02-16 15:45:29.759510 +00:00,a277b8a3-f0fc-3b39-bf37-cb7cfc450ed1,,,,,FALSE
4f13960c-c691-4b8a-9778-294e741808be,958c8ede-7243-47fa-80e9-a779bc9957cd,0,2022-02-16 15:45:49.296141 +00:00,2022-02-16 15:45:49.296142 +00:00,b6622b06-94dd-3be8-95e0-ac56295aedf9,,,,,FALSE
ec0d835e-9965-4bf3-83bf-81e34117840d,958c8ede-7243-47fa-80e9-a779bc9957cd,0,2022-02-16 15:45:52.094871 +00:00,2022-02-16 15:45:52.094874 +00:00,6248af83-6e3d-3853-b51a-4b076f64dada,,,,,FALSE
50e9426f-8248-41b2-96ea-3592f71b7d74,958c8ede-7243-47fa-80e9-a779bc9957cd,0,2022-02-16 15:45:56.084932 +00:00,2022-02-16 15:45:56.084934 +00:00,cb50fe09-90e8-3245-8427-1da38c21a8c8,,,,,FALSE
362dea15-54c2-4d55-a8e0-66ec52eb95d4,958c8ede-7243-47fa-80e9-a779bc9957cd,0,2022-02-16 15:45:11.353933 +00:00,2022-02-16 15:45:11.353934 +00:00,381f79b8-d4f8-3e69-8795-1ff78fa3f47c,,,,,FALSE
71ef936e-8525-46fd-b176-15f256208ee0,958c8ede-7243-47fa-80e9-a779bc9957cd,0,2022-02-16 15:45:34.374849 +00:00,2022-02-16 15:45:34.374851 +00:00,01b7e68c-4839-340c-afc3-b4566688dfd9,,,,,FALSE
03600a17-30db-40fe-87f4-a804ea7f5d2e,958c8ede-7243-47fa-80e9-a779bc9957cd,0,2022-02-16 15:46:00.097288 +00:00,2022-02-16 15:46:00.097290 +00:00,6a3c8e48-d525-3844-9618-9a89d93e9a8b,,,,,FALSE
75efd55b-5f95-474d-8f88-b8c458efc6c0,958c8ede-7243-47fa-80e9-a779bc9957cd,0,2022-02-16 15:46:12.234849 +00:00,2022-02-16 15:46:12.234851 +00:00,48d83a3b-ce7c-3f43-9885-8f10e78cb4f7,,,,,FALSE
24315280-7021-4ada-b8cc-85e8024fe733,958c8ede-7243-47fa-80e9-a779bc9957cd,0,2022-02-16 15:46:23.756634 +00:00,2022-02-16 15:46:23.756636 +00:00,d50977bd-7c57-3cf6-925e-37951ef3902b,,,,,FALSE
460c2e5b-b56f-462c-81db-9035f909a9af,958c8ede-7243-47fa-80e9-a779bc9957cd,0,2022-02-16 15:46:41.127415 +00:00,2022-02-16 15:46:41.127417 +00:00,60d67055-3805-3b1e-aba6-623adc361a34,,,,,FALSE
32e21357-5b3e-4845-9eb7-9dda94c9e8b6,958c8ede-7243-47fa-80e9-a779bc9957cd,0,2022-02-16 15:46:48.548657 +00:00,2022-02-16 15:46:48.548659 +00:00,0f46f0e3-e521-308b-ab30-d5b33e4d6e82,,,,,FALSE
f2cd40e8-dc60-42bf-b081-c5c8e3faed6c,958c8ede-7243-47fa-80e9-a779bc9957cd,0,2022-02-16 15:46:50.962905 +00:00,2022-02-16 15:46:50.962907 +00:00,1f427f8e-cd5b-3599-a4ed-b868640c9388,,,,,FALSE
2bc46d86-b343-4603-b398-e5e9c7ca3484,958c8ede-7243-47fa-80e9-a779bc9957cd,0,2022-02-16 15:46:57.782439 +00:00,2022-02-16 15:46:57.782441 +00:00,f0b399c4-8a1c-374d-afd1-82e615d5dc1d,,,,,FALSE
baad7868-3a65-4830-a0b3-cdc52e1da9df,958c8ede-7243-47fa-80e9-a779bc9957cd,0,2022-02-16 15:47:09.111889 +00:00,2022-02-16 15:47:09.111892 +00:00,d507b72b-fbef-315d-959f-861b334de5af,,,,,FALSE
37aa7458-cb79-4d7d-81c8-f350ac7ebc96,958c8ede-7243-47fa-80e9-a779bc9957cd,0,2022-02-16 15:47:18.949374 +00:00,2022-02-16 15:47:18.949375 +00:00,b6584b61-d3fd-3fdb-92cd-cbfb2556ef6c,,,,,FALSE
87b1b222-a3b1-4ea1-8dd8-9cb2220465d7,958c8ede-7243-47fa-80e9-a779bc9957cd,0,2022-02-16 15:47:26.945095 +00:00,2022-02-16 15:47:26.945098 +00:00,6ef6e212-08dc-3ad0-9d30-18754406ff5b,,,,,FALSE
b5196851-8a8e-46e7-a68c-0392a917b665,958c8ede-7243-47fa-80e9-a779bc9957cd,0,2022-02-16 15:47:30.890645 +00:00,2022-02-16 15:47:30.890655 +00:00,a435cf97-767e-33f8-a7ed-e2a6f0223c69,,,,,FALSE
c149afef-c637-4d7e-bc18-d0c2ab75eef6,958c8ede-7243-47fa-80e9-a779bc9957cd,0,2022-02-16 15:47:34.666213 +00:00,2022-02-16 15:47:34.666216 +00:00,7a4d328e-259c-37f5-b605-b0fe98605d18,,,,,FALSE
1c28e057-6687-4941-952e-3193547bc70f,958c8ede-7243-47fa-80e9-a779bc9957cd,0,2022-02-16 15:47:53.720642 +00:00,2022-02-16 15:47:53.720644 +00:00,8a96ccf6-449a-3ce9-a96b-82f49e125a9e,,,,,FALSE
3b0cdc3a-58d1-46bc-8540-e6400177ae2e,958c8ede-7243-47fa-80e9-a779bc9957cd,0,2022-02-16 15:47:56.175409 +00:00,2022-02-16 15:47:56.175410 +00:00,287cf943-76b3-3cb6-845c-96684dab7d07,,,,,FALSE
f5ba994b-830e-47ab-9a65-70c984790635,958c8ede-7243-47fa-80e9-a779bc9957cd,0,2022-02-16 15:48:00.679944 +00:00,2022-02-16 15:48:00.679945 +00:00,7f306b18-6d9c-307e-832a-49eda3f79ebc,,,,,FALSE
554f8439-9861-49d7-a256-2405e2659997,958c8ede-7243-47fa-80e9-a779bc9957cd,0,2022-02-16 15:48:05.195173 +00:00,2022-02-16 15:48:05.195174 +00:00,3d91e78b-a7bd-3265-8ed2-e69b3490d6fd,,,,,FALSE
03a79c78-36a7-4224-bd9a-3029e09cacec,958c8ede-7243-47fa-80e9-a779bc9957cd,0,2022-02-16 15:48:08.896758 +00:00,2022-02-16 15:48:08.896760 +00:00,edbd71ee-6f01-3e21-a4cb-9e0e8cab8d47,,,,,FALSE
5d51ec10-7b05-4b8e-a165-d01bf7424801,958c8ede-7243-47fa-80e9-a779bc9957cd,0,2022-02-16 15:48:12.255322 +00:00,2022-02-16 15:48:12.255325 +00:00,8cd8d9b8-8796-3a77-b0e3-ef27b2efc124,,,,,FALSE
918cd384-081c-4040-80b8-5c5f5d4c8b3d,958c8ede-7243-47fa-80e9-a779bc9957cd,0,2022-02-16 15:48:16.132996 +00:00,2022-02-16 15:48:16.132998 +00:00,02365a6b-dfd6-301e-be33-959ff0b1454a,,,,,FALSE
05706833-da83-452a-8eb1-5452d5b2febd,958c8ede-7243-47fa-80e9-a779bc9957cd,0,2022-02-16 15:48:20.007508 +00:00,2022-02-16 15:48:20.007509 +00:00,de044685-5a57-319c-ac22-d0674c93b930,,,,,FALSE
7060e515-faab-42d9-90d5-b8cb349d3d6b,958c8ede-7243-47fa-80e9-a779bc9957cd,0,2022-02-16 15:48:23.587297 +00:00,2022-02-16 15:48:23.587299 +00:00,42733e15-c5de-3092-a61c-c27abe137ef8,,,,,FALSE
d1e9a87a-231d-409a-92e9-3de788ff132f,958c8ede-7243-47fa-80e9-a779bc9957cd,0,2022-02-16 15:48:34.334322 +00:00,2022-02-16 15:48:34.334323 +00:00,7a48a325-8570-33b2-9b7a-39a8c598985f,,,,,FALSE
22df068f-1b19-4feb-adf1-a7b15b4f9878,958c8ede-7243-47fa-80e9-a779bc9957cd,0,2022-02-16 15:48:41.962485 +00:00,2022-02-16 15:48:41.962487 +00:00,2d750419-5b27-3a0d-ba8e-5203e4382a32,,,,,FALSE
33fbced3-e997-42a1-9d17-f85adbe5f66f,958c8ede-7243-47fa-80e9-a779bc9957cd,0,2022-02-16 15:48:45.775118 +00:00,2022-02-16 15:48:45.775120 +00:00,fbd0ded9-a60d-34ff-b435-4e2e76cd0135,,,,,FALSE
992df734-ef28-4ec5-a532-91be56f5d3a0,958c8ede-7243-47fa-80e9-a779bc9957cd,0,2022-02-16 15:48:49.545703 +00:00,2022-02-16 15:48:49.545705 +00:00,93a92de2-1ad9-3d69-a179-3fee7c074c3e,,,,,FALSE
98636642-9a63-46ea-a046-e5fe53ee83fe,958c8ede-7243-47fa-80e9-a779bc9957cd,0,2022-02-16 15:48:56.751441 +00:00,2022-02-16 15:48:56.751443 +00:00,6d274ab6-991b-33f9-ad7d-b6555759bd87,,,,,FALSE
a56f1b9d-4cef-4af8-a869-ebe8bedecfb6,958c8ede-7243-47fa-80e9-a779bc9957cd,0,2022-02-16 15:49:02.229073 +00:00,2022-02-16 15:49:02.229076 +00:00,d5bde5af-46d6-3b73-ad27-9eb4e96af6b2,,,,,FALSE
edc299b1-d647-4841-84a3-cb12155e0197,958c8ede-7243-47fa-80e9-a779bc9957cd,0,2022-02-16 15:49:06.253688 +00:00,2022-02-16 15:49:06.253690 +00:00,50c910a7-5e6a-3b90-9bfe-f6a55b99a416,,,,,FALSE
9e181e7c-5b8f-48e7-8f4a-1fa47219a77c,958c8ede-7243-47fa-80e9-a779bc9957cd,0,2022-02-16 15:49:09.243373 +00:00,2022-02-16 15:49:09.243374 +00:00,e3a66a88-c57b-3662-b2da-09be93524eb9,,,,,FALSE
245d99fc-990d-4d12-a3b3-8d71cdf55d72,958c8ede-7243-47fa-80e9-a779bc9957cd,0,2022-02-16 15:49:12.427892 +00:00,2022-02-16 15:49:12.427894 +00:00,1ebd8ec6-5691-39ca-b605-82c48cebb029,,,,,FALSE
483df672-f286-4bb7-bcc0-c7081ae76268,958c8ede-7243-47fa-80e9-a779bc9957cd,0,2022-02-16 15:49:20.653037 +00:00,2022-02-16 15:49:20.653038 +00:00,b0e4eefb-f166-3e11-8ecb-e3bc489ab701,,,,,FALSE
ab8bc16b-e9db-4849-97af-d5dc39be639d,958c8ede-7243-47fa-80e9-a779bc9957cd,0,2022-02-16 15:49:28.333778 +00:00,2022-02-16 15:49:28.333779 +00:00,c8328817-79a9-3747-9075-0fb251a8b54e,,,,,FALSE
05ab6b92-5855-4ffd-9489-7e02fc190ba9,958c8ede-7243-47fa-80e9-a779bc9957cd,0,2022-02-16 15:49:31.684608 +00:00,2022-02-16 15:49:31.684609 +00:00,506e9818-9de4-3cd0-9ebd-f82131359870,,,,,FALSE
57188486-1dfe-4048-b964-558c9be3a181,958c8ede-7243-47fa-80e9-a779bc9957cd,0,2022-02-16 15:49:49.112193 +00:00,2022-02-16 15:49:49.112194 +00:00,b80f9df8-4d1f-386b-a514-ae710ab73758,,,,,FALSE
3175189e-fcba-440a-8c28-ebd5f70cece0,958c8ede-7243-47fa-80e9-a779bc9957cd,0,2022-02-16 15:49:55.976238 +00:00,2022-02-16 15:49:55.976240 +00:00,50cb3859-1f21-3993-aa21-c1d12d89f0a7,,,,,FALSE
a31fb649-d0f2-4316-9981-346d2d072362,958c8ede-7243-47fa-80e9-a779bc9957cd,0,2022-02-16 15:50:00.904085 +00:00,2022-02-16 15:50:00.904088 +00:00,bd8db506-dd3a-3802-ac03-4330db505c89,,,,,FALSE
23d32e83-cdf6-4e74-8c34-3c4e2c86c36d,958c8ede-7243-47fa-80e9-a779bc9957cd,0,2022-02-16 15:50:05.104264 +00:00,2022-02-16 15:50:05.104266 +00:00,19d83302-7a70-36eb-821d-49a4e5c27493,,,,,FALSE
60b22483-55d5-4927-ac1e-b0cd07ab7ec2,958c8ede-7243-47fa-80e9-a779bc9957cd,0,2022-02-16 15:50:22.332124 +00:00,2022-02-16 15:50:22.332125 +00:00,3cc50d52-45a2-36fe-b1cb-af995034f771,,,,,FALSE
77339583-62bd-4c95-a8d1-db174b5b81b6,958c8ede-7243-47fa-80e9-a779bc9957cd,0,2022-02-16 15:50:25.392782 +00:00,2022-02-16 15:50:25.392785 +00:00,fc5672f5-69ea-35f0-b57c-20693c05a505,,,,,FALSE
e3359d0e-235a-4a76-80af-ef51db6467ee,803b4329-bd06-4bf5-a1a2-162a88d0c65a,0,2022-02-16 15:46:26.580259 +00:00,2022-02-16 15:51:36.506144 +00:00,f1d084e7-743c-35db-ba0e-67582cc20900,,,,,FALSE
934159a4-e807-4874-be78-090085ab6a63,803b4329-bd06-4bf5-a1a2-162a88d0c65a,0,2022-02-16 15:46:54.067673 +00:00,2022-02-16 15:51:33.645338 +00:00,9fbe54c0-ab3a-3788-92d7-7d8c75fa4c8f,,,,,FALSE
c19e68ca-b3fa-46eb-a9ff-c241ca249180,803b4329-bd06-4bf5-a1a2-162a88d0c65a,0,2022-02-16 15:46:37.681325 +00:00,2022-02-16 15:51:41.715028 +00:00,72982608-acfb-30f8-9e36-ff5322657a45,,,,,FALSE
04fddbc5-e23c-4f61-886b-27d1a8a661b3,803b4329-bd06-4bf5-a1a2-162a88d0c65a,0,2022-02-16 15:47:15.316049 +00:00,2022-02-16 15:51:29.988040 +00:00,84f37e1a-f56e-3587-b9ff-a23c4959b854,,,,,FALSE
3ea5a304-109c-44cf-9f09-143144a2c4c4,803b4329-bd06-4bf5-a1a2-162a88d0c65a,0,2022-02-16 15:49:16.465388 +00:00,2022-02-16 15:51:44.890197 +00:00,c7289d78-1a8f-363f-9074-5446bb5ade71,,,,,FALSE
9ffd56eb-b7d8-4e25-b050-f946d46c3c5e,02a5f4b6-f58d-4e89-a4a5-a5ddd50f168f,0,2022-02-16 15:30:10.775973 +00:00,2022-02-16 15:30:10.775975 +00:00,0ecdfaa0-74d3-3ada-9d3c-c17794d6daf3,,,,,FALSE
02eddbfb-4233-414f-9aba-970ff14ebeaa,02a5f4b6-f58d-4e89-a4a5-a5ddd50f168f,0,2022-02-16 15:30:15.094919 +00:00,2022-02-16 15:30:15.094921 +00:00,f661f668-7da1-3abb-93d2-705c1e0e3acd,,,,,FALSE
ae28c799-e8cb-4804-8009-53608c17ed82,02a5f4b6-f58d-4e89-a4a5-a5ddd50f168f,0,2022-02-16 15:30:20.341616 +00:00,2022-02-16 15:30:20.341618 +00:00,18a5a005-8e3c-3adc-9221-c25cfa331ece,,,,,FALSE
1ac09533-70e8-4440-bb39-58cd523f255f,02a5f4b6-f58d-4e89-a4a5-a5ddd50f168f,0,2022-02-16 15:30:23.433542 +00:00,2022-02-16 15:30:23.433543 +00:00,ab86179a-e00c-3168-9669-4a9915b837a9,,,,,FALSE
6a29f81e-f30b-48ee-8c4a-e6be167a7517,02a5f4b6-f58d-4e89-a4a5-a5ddd50f168f,0,2022-02-16 15:30:26.651504 +00:00,2022-02-16 15:30:26.651506 +00:00,8581f49d-91f5-3bf3-9d86-947ad1226c24,,,,,FALSE
72ccf80b-eb80-40b7-8f59-32ceb4941054,02a5f4b6-f58d-4e89-a4a5-a5ddd50f168f,0,2022-02-16 15:30:32.373702 +00:00,2022-02-16 15:30:32.373704 +00:00,35bbfe43-25b1-324e-9340-46b2675ed445,,,,,FALSE
76882901-e294-43ee-b034-6f5b8da44e2b,02a5f4b6-f58d-4e89-a4a5-a5ddd50f168f,0,2022-02-16 15:30:36.428123 +00:00,2022-02-16 15:30:36.428125 +00:00,96149d85-87a7-3866-af44-aa694cde439c,,,,,FALSE
7ff4b189-afa1-4b19-ae43-633fedb3b915,02a5f4b6-f58d-4e89-a4a5-a5ddd50f168f,0,2022-02-16 15:30:41.039108 +00:00,2022-02-16 15:30:41.039110 +00:00,888024d9-9d2e-34c3-8022-50cdb731d8c9,,,,,FALSE
b56b2d01-65bf-4b37-86f1-70467223015a,02a5f4b6-f58d-4e89-a4a5-a5ddd50f168f,0,2022-02-16 15:30:44.215399 +00:00,2022-02-16 15:30:44.215401 +00:00,5c00f859-322a-3c8d-a64e-080f08ffe620,,,,,FALSE
d5b4230a-2404-450a-a1be-724af44b65dc,02a5f4b6-f58d-4e89-a4a5-a5ddd50f168f,0,2022-02-16 15:30:47.013925 +00:00,2022-02-16 15:30:47.013927 +00:00,6daff511-787d-3ccd-8338-405c4c78c564,,,,,FALSE
d1793379-a460-46f5-87f0-d9ad921f2cb6,02a5f4b6-f58d-4e89-a4a5-a5ddd50f168f,0,2022-02-16 15:30:52.046069 +00:00,2022-02-16 15:30:52.046070 +00:00,76864dc5-b927-38e1-b702-5ec40c51cbfc,,,,,FALSE
312dc707-e030-48e8-b2b5-9f44338bc2b6,02a5f4b6-f58d-4e89-a4a5-a5ddd50f168f,0,2022-02-16 15:30:55.488589 +00:00,2022-02-16 15:30:55.488591 +00:00,639c51c3-c58d-3e8d-a8cb-cf47cc07bb0a,,,,,FALSE
bb91c96d-ed8e-4dbc-8ffd-f1bbb6aca549,02a5f4b6-f58d-4e89-a4a5-a5ddd50f168f,0,2022-02-16 15:31:03.632247 +00:00,2022-02-16 15:31:03.632248 +00:00,6977f5e9-1b62-3c65-bced-d0f7bb6e57e0,,,,,FALSE
66dbd9cb-48b4-4d73-abe5-674a50511db4,02a5f4b6-f58d-4e89-a4a5-a5ddd50f168f,0,2022-02-16 15:31:07.870088 +00:00,2022-02-16 15:31:07.870090 +00:00,cb93dfe0-1c4f-3f7a-9c70-1351d96ef234,,,,,FALSE
698a6824-e5d1-4518-ba79-1b7720e68c12,02a5f4b6-f58d-4e89-a4a5-a5ddd50f168f,0,2022-02-16 15:31:31.311831 +00:00,2022-02-16 15:31:31.311833 +00:00,5403f04d-e480-3ca8-8e8c-0d00573bb8fd,,,,,FALSE
d33649c7-7162-4cd3-a4bd-bc9b56235e84,02a5f4b6-f58d-4e89-a4a5-a5ddd50f168f,0,2022-02-16 15:31:39.151523 +00:00,2022-02-16 15:31:39.151525 +00:00,0b1f126d-9554-3815-a00d-bae84fe74c66,,,,,FALSE
2b7ed6da-7e61-4be1-9c6e-166abdbb9053,02a5f4b6-f58d-4e89-a4a5-a5ddd50f168f,0,2022-02-16 15:31:43.443269 +00:00,2022-02-16 15:31:43.443271 +00:00,60ef5d36-993b-32c9-81b6-7aad394bc2e7,,,,,FALSE
202ae016-d425-40b1-929b-4abd7fe7ad31,02a5f4b6-f58d-4e89-a4a5-a5ddd50f168f,0,2022-02-16 15:31:12.180911 +00:00,2022-02-16 15:31:12.180913 +00:00,64dadb5a-262e-3125-ac54-22def29490b5,,,,,FALSE
e0e143f3-a98a-49b6-a4d3-c5a541efd06e,02a5f4b6-f58d-4e89-a4a5-a5ddd50f168f,0,2022-02-16 15:31:16.177611 +00:00,2022-02-16 15:31:16.177613 +00:00,52260357-4ea2-3604-bf29-ac489385d089,,,,,FALSE
0d082c1b-34ce-4784-9bb5-4cc01507bcc4,02a5f4b6-f58d-4e89-a4a5-a5ddd50f168f,0,2022-02-16 15:31:20.197812 +00:00,2022-02-16 15:31:20.197814 +00:00,0a817704-b271-3e85-b50e-ae24182ae834,,,,,FALSE
afe87108-fb1d-4dd5-b101-694fe3fee73b,02a5f4b6-f58d-4e89-a4a5-a5ddd50f168f,0,2022-02-16 15:31:24.539760 +00:00,2022-02-16 15:31:24.539762 +00:00,7fe76f08-f6ab-3070-bf06-a8be67869428,,,,,FALSE
49a477dc-55cb-41d7-9b85-7d6e6012014a,02a5f4b6-f58d-4e89-a4a5-a5ddd50f168f,0,2022-02-16 15:31:27.338594 +00:00,2022-02-16 15:31:27.338595 +00:00,bed8c5ee-098f-35c7-81b9-b88575b55b9c,,,,,FALSE
2659ce2f-a3af-4bcf-b643-c6e952aa642f,02a5f4b6-f58d-4e89-a4a5-a5ddd50f168f,0,2022-02-16 15:31:46.791028 +00:00,2022-02-16 15:31:46.791030 +00:00,faccb7ba-e4f4-3a87-bd5d-a3108b304ce2,,,,,FALSE
602e1709-0886-49fa-ac3d-8c6717782a20,02a5f4b6-f58d-4e89-a4a5-a5ddd50f168f,0,2022-02-16 15:31:51.333152 +00:00,2022-02-16 15:31:51.333155 +00:00,b5f42515-1672-333a-9aaf-e5f6d38c2d60,,,,,FALSE
c97e5a60-4d85-4bad-b441-20c123574b15,02a5f4b6-f58d-4e89-a4a5-a5ddd50f168f,0,2022-02-16 15:31:59.637815 +00:00,2022-02-16 15:31:59.637817 +00:00,026acae8-187c-319a-b893-db8a2e5ef307,,,,,FALSE
71d24101-504b-4bb8-8dc5-a580ef0f4695,02a5f4b6-f58d-4e89-a4a5-a5ddd50f168f,0,2022-02-16 15:32:36.605585 +00:00,2022-02-16 15:32:36.605587 +00:00,8cd48676-092e-36e0-bb2a-a5f35ba16b5f,,,,,FALSE
3bd06bb9-cb07-4ada-8e03-b20da34ff8f4,02a5f4b6-f58d-4e89-a4a5-a5ddd50f168f,0,2022-02-16 15:32:40.954698 +00:00,2022-02-16 15:32:40.954700 +00:00,7f60f0af-5605-33ac-9c23-f53fd0b5a877,,,,,FALSE
24fdc6ba-bc28-4e58-a545-59be667e4546,02a5f4b6-f58d-4e89-a4a5-a5ddd50f168f,0,2022-02-16 15:32:44.162499 +00:00,2022-02-16 15:32:44.162500 +00:00,7f6c270c-d89c-3898-bee4-a57fd6f51af5,,,,,FALSE
137f881d-22c0-4abc-b17c-c4df56690298,02a5f4b6-f58d-4e89-a4a5-a5ddd50f168f,0,2022-02-16 15:32:49.310381 +00:00,2022-02-16 15:32:49.310383 +00:00,2a3c72fb-50c7-3d45-9f3d-63b8b989565b,,,,,FALSE
deed39cb-0137-453d-aaa8-76be6d5b710c,02a5f4b6-f58d-4e89-a4a5-a5ddd50f168f,0,2022-02-16 15:32:53.261290 +00:00,2022-02-16 15:32:53.261292 +00:00,17d5698c-95a5-30c9-b490-f01beb338cbe,,,,,FALSE
dc2d3fcb-884e-4a42-ba98-a3ed1292f1ed,02a5f4b6-f58d-4e89-a4a5-a5ddd50f168f,0,2022-02-16 15:32:57.327508 +00:00,2022-02-16 15:32:57.327510 +00:00,97be3313-4d6f-3031-8fd4-6fd3ba4bd26c,,,,,FALSE
c1747d6b-80e7-4d02-b739-572a198e32d1,02a5f4b6-f58d-4e89-a4a5-a5ddd50f168f,0,2022-02-16 15:33:05.440519 +00:00,2022-02-16 15:33:05.440520 +00:00,88b743a4-a176-3285-b67a-de082ae4e007,,,,,FALSE
1bd5cd82-cc81-47f4-992a-1ffb7f3d9351,02a5f4b6-f58d-4e89-a4a5-a5ddd50f168f,0,2022-02-16 15:33:21.826621 +00:00,2022-02-16 15:33:21.826623 +00:00,cd64ebc8-b354-3307-a434-b10155fe4b6a,,,,,FALSE
9e271409-8958-4093-bf47-01b1b91006e9,02a5f4b6-f58d-4e89-a4a5-a5ddd50f168f,0,2022-02-16 15:33:25.206855 +00:00,2022-02-16 15:33:25.206857 +00:00,c27b450a-5e64-3775-be69-a176a18360b0,,,,,FALSE
7827f125-448a-4a07-b2c8-dbac3a472020,02a5f4b6-f58d-4e89-a4a5-a5ddd50f168f,0,2022-02-16 15:33:29.441354 +00:00,2022-02-16 15:33:29.441357 +00:00,191f44df-1fef-3d67-9961-f23ac5d7f44d,,,,,FALSE
a81c8194-2e92-4363-ad94-1f023f6610c0,02a5f4b6-f58d-4e89-a4a5-a5ddd50f168f,0,2022-02-16 15:33:33.067573 +00:00,2022-02-16 15:33:33.067575 +00:00,2c78453a-075e-3ce4-b5e3-055903b32dfc,,,,,FALSE
1bf64d2d-d748-45f1-be99-fe0726091bba,02a5f4b6-f58d-4e89-a4a5-a5ddd50f168f,0,2022-02-16 15:33:36.716114 +00:00,2022-02-16 15:33:36.716115 +00:00,d967c03d-7dfe-3582-9945-fa600375611f,,,,,FALSE
c64842c3-a570-4972-88e6-6b29ecece7a1,02a5f4b6-f58d-4e89-a4a5-a5ddd50f168f,0,2022-02-16 15:33:42.437207 +00:00,2022-02-16 15:33:42.437209 +00:00,81b63329-ee1b-3c8e-8f56-fd982289a684,,,,,FALSE
a8d25437-b784-403d-a0b7-e2ca3a71a7fa,02a5f4b6-f58d-4e89-a4a5-a5ddd50f168f,0,2022-02-16 15:33:45.753983 +00:00,2022-02-16 15:33:45.753985 +00:00,7d2633a6-d685-3aa2-afdf-0e62737023cd,,,,,FALSE
ac932962-d1c4-46ee-809c-00429869a68c,02a5f4b6-f58d-4e89-a4a5-a5ddd50f168f,0,2022-02-16 15:33:48.890159 +00:00,2022-02-16 15:33:48.890160 +00:00,a466bcc6-70f4-36c4-9749-aa4e81f255ff,,,,,FALSE
b74b3794-9a47-4bfb-b5cf-af39ac773c7e,02a5f4b6-f58d-4e89-a4a5-a5ddd50f168f,0,2022-02-16 15:33:52.032853 +00:00,2022-02-16 15:33:52.032855 +00:00,65a45da1-ce7a-399c-b97c-d9f5da7516c7,,,,,FALSE
fa3e8a7c-2190-468e-a5df-c41d2e7b0840,02a5f4b6-f58d-4e89-a4a5-a5ddd50f168f,0,2022-02-16 15:33:54.935247 +00:00,2022-02-16 15:33:54.935249 +00:00,78f7c157-506b-3f72-966a-dc39c6dac4af,,,,,FALSE
9db1b981-abae-4beb-a226-4a772c996bf8,02a5f4b6-f58d-4e89-a4a5-a5ddd50f168f,0,2022-02-16 15:33:59.383323 +00:00,2022-02-16 15:33:59.383324 +00:00,748cd6f4-a32c-3a7a-a4f8-e9b9fc689ed7,,,,,FALSE
634511b7-4437-48df-a36c-9f6ec00f14be,02a5f4b6-f58d-4e89-a4a5-a5ddd50f168f,0,2022-02-16 15:34:02.646803 +00:00,2022-02-16 15:34:02.646804 +00:00,8c86d93f-d267-3688-9261-7f7703dc8561,,,,,FALSE
c616c85d-719c-4084-b77f-cb34a76a9bdf,02a5f4b6-f58d-4e89-a4a5-a5ddd50f168f,0,2022-02-16 15:34:07.854088 +00:00,2022-02-16 15:34:07.854091 +00:00,344fbc2a-f2e0-379a-95f4-abcc2d98c8e1,,,,,FALSE
ea9e44e8-03ff-43ac-8d8c-0bb6e996693e,02a5f4b6-f58d-4e89-a4a5-a5ddd50f168f,0,2022-02-16 15:34:10.758036 +00:00,2022-02-16 15:34:10.758037 +00:00,5bb6d1ec-a458-36ab-88f5-2e0f0f180a78,,,,,FALSE
49f964a3-a566-4eef-a945-b9663ff87f3c,02a5f4b6-f58d-4e89-a4a5-a5ddd50f168f,0,2022-02-16 15:34:14.011841 +00:00,2022-02-16 15:34:14.011842 +00:00,063bfe06-e108-3885-b942-17ebbd1ea580,,,,,FALSE
613ec7d9-665d-4896-9d0d-18d941d69781,02a5f4b6-f58d-4e89-a4a5-a5ddd50f168f,0,2022-02-16 15:34:20.021981 +00:00,2022-02-16 15:34:20.021983 +00:00,89db99ef-b881-3d98-bbb2-d9ff6a5a2950,,,,,FALSE
c65b09f0-6204-44d4-b729-dbce0701223a,02a5f4b6-f58d-4e89-a4a5-a5ddd50f168f,0,2022-02-16 15:34:25.695620 +00:00,2022-02-16 15:34:25.695622 +00:00,713222e2-5c2e-3d0a-bfda-554335338f72,,,,,FALSE
c032f826-179a-428f-96f0-438f75181e79,02a5f4b6-f58d-4e89-a4a5-a5ddd50f168f,0,2022-02-16 15:35:24.865625 +00:00,2022-02-16 15:35:24.865626 +00:00,1231a8af-b010-30b1-9e2f-d79aa2f16f3f,,,,,FALSE
c4c016f5-5da0-472b-98d8-60ce9e169cc8,02a5f4b6-f58d-4e89-a4a5-a5ddd50f168f,0,2022-02-16 15:35:34.667926 +00:00,2022-02-16 15:35:34.667929 +00:00,8e3dd416-529d-33da-8de3-9ca1b3fb47c2,,,,,FALSE
811f6954-6235-437e-a8c9-052db247dcae,02a5f4b6-f58d-4e89-a4a5-a5ddd50f168f,0,2022-02-16 15:35:37.884180 +00:00,2022-02-16 15:35:37.884182 +00:00,c6ec8a54-7c4e-307d-84b5-be34ad059e2b,,,,,FALSE
02c0aa47-6fef-4266-971e-25d6a3235f42,02a5f4b6-f58d-4e89-a4a5-a5ddd50f168f,0,2022-02-16 15:35:43.158332 +00:00,2022-02-16 15:35:43.158334 +00:00,71f49e39-8568-3471-ae41-3bf743dda518,,,,,FALSE
3484bd7f-83a7-405e-b4ee-c8244b5fe8ef,02a5f4b6-f58d-4e89-a4a5-a5ddd50f168f,0,2022-02-16 15:35:48.039590 +00:00,2022-02-16 15:35:48.039592 +00:00,f68bc853-1289-3313-bb7c-56e8f0157566,,,,,FALSE
adea4f79-0b8b-453a-a99e-d89b71482d9f,02a5f4b6-f58d-4e89-a4a5-a5ddd50f168f,0,2022-02-16 15:35:52.178804 +00:00,2022-02-16 15:35:52.178805 +00:00,960c33b0-f188-3722-b32a-34f2cde21d31,,,,,FALSE
7d3c66f6-dee5-4dd8-bae7-d6a96a29c236,02a5f4b6-f58d-4e89-a4a5-a5ddd50f168f,0,2022-02-16 15:35:54.874957 +00:00,2022-02-16 15:35:54.874958 +00:00,4bac989c-07ad-3db3-8b00-bf3410876e89,,,,,FALSE
4992c727-1d14-49a2-bce2-68f5db38b0ae,02a5f4b6-f58d-4e89-a4a5-a5ddd50f168f,0,2022-02-16 15:35:57.875644 +00:00,2022-02-16 15:35:57.875646 +00:00,8c6bb871-9705-3478-9ace-82db0e89454a,,,,,FALSE
59dc3025-68d2-428e-a59e-482ac5c7b179,02a5f4b6-f58d-4e89-a4a5-a5ddd50f168f,0,2022-02-16 15:36:10.941929 +00:00,2022-02-16 15:36:10.941930 +00:00,2f128262-d219-376a-9bc8-a72759bb6dba,,,,,FALSE
b06bcbf2-09e5-45c9-ac7c-44383a2e440e,02a5f4b6-f58d-4e89-a4a5-a5ddd50f168f,0,2022-02-16 15:36:20.392946 +00:00,2022-02-16 15:36:20.392948 +00:00,e2a7ce29-4ed9-39a8-bdbb-fe4efb5c459a,,,,,FALSE
9d1ff0c6-0d6b-4fdd-82a3-4f1ec2754e92,02a5f4b6-f58d-4e89-a4a5-a5ddd50f168f,0,2022-02-16 15:36:37.339126 +00:00,2022-02-16 15:36:37.339128 +00:00,65d717db-d6b9-36ba-80b9-b17a5109b60e,,,,,FALSE
7813718c-e16b-4932-bea9-96a2c24bb23d,c7f5a088-10ae-4e1d-b530-9714e6125993,0,2022-02-16 15:46:32.854409 +00:00,2022-02-16 15:52:32.265960 +00:00,e8f2ff5e-c606-324b-b55b-d79549a84e07,,,,,FALSE
51e73529-e5d7-4b19-8a47-f10a15d9212a,c7f5a088-10ae-4e1d-b530-9714e6125993,0,2022-02-16 15:46:45.088715 +00:00,2022-02-16 15:52:37.682541 +00:00,c07a4fc3-3177-3477-8757-11e47be33b17,,,,,FALSE
9c9bf375-5f77-4465-876b-aeeb7e8b59b9,c7f5a088-10ae-4e1d-b530-9714e6125993,0,2022-02-16 15:47:23.088706 +00:00,2022-02-16 15:52:29.724706 +00:00,be84c5e0-b442-38de-9d8c-fd5bb454a900,,,,,FALSE
cbe64748-bddd-4506-a775-5734e771b701,c7f5a088-10ae-4e1d-b530-9714e6125993,0,2022-02-16 15:49:24.888764 +00:00,2022-02-16 15:52:51.238017 +00:00,8a7bdead-cdf4-3c65-9e40-d6dd2008801e,,,,,FALSE
bd31d2f6-00d7-417e-ab5f-72a15afa449d,c9bc863e-66a9-498e-b97b-e6e86676915b,0,2022-02-16 15:45:22.384326 +00:00,2022-02-16 15:52:08.692101 +00:00,e63c6c76-e429-3ab2-aa0b-cc04a504e5f7,,,,,FALSE
12489d92-af25-44e1-9eb9-4be63a44e615,c9bc863e-66a9-498e-b97b-e6e86676915b,0,2022-02-16 15:45:45.685747 +00:00,2022-02-16 15:52:14.295819 +00:00,12c0b3c4-a791-32fe-a0f5-8b97343f1ee8,,,,,FALSE
ec431ead-75c4-4e46-b49e-dbb102afbb15,c9bc863e-66a9-498e-b97b-e6e86676915b,0,2022-02-16 15:47:02.808764 +00:00,2022-02-16 15:52:11.825562 +00:00,d6869b89-20c4-3630-a72f-a6908f0700b4,,,,,FALSE
5b52fe7d-1982-4562-8dd1-2f98af8a02d6,c27ec9d0-5679-4a82-9ce9-4e7808234588,0,2022-02-16 16:12:33.243701 +00:00,2022-02-16 16:19:07.589978 +00:00,408b5054-9c03-321a-9dd3-8ce2963c1bac,,,,,FALSE
4d8e4724-57ac-4ea8-8948-1016f29ab427,c27ec9d0-5679-4a82-9ce9-4e7808234588,0,2022-02-16 16:12:50.623564 +00:00,2022-02-16 16:19:52.190255 +00:00,020635bd-910e-3545-b7bb-337538fe947b,,,,,FALSE
7ea9c4c4-73c4-447e-8338-083038e015fd,c27ec9d0-5679-4a82-9ce9-4e7808234588,0,2022-02-16 16:13:10.009289 +00:00,2022-02-16 16:20:52.676978 +00:00,a65a7582-f164-3a4c-ba05-234e084a4b56,,,,,FALSE
99179c46-f6d3-43ce-98b3-7cd186ef8990,c27ec9d0-5679-4a82-9ce9-4e7808234588,0,2022-02-16 15:11:52.722753 +00:00,2022-02-16 16:09:10.854629 +00:00,668e333d-b1c7-3997-b30b-a0b56929622e,,,,,FALSE
4cbe79a2-152c-4695-afe9-91855a403b05,c27ec9d0-5679-4a82-9ce9-4e7808234588,0,2022-02-16 15:11:58.423590 +00:00,2022-02-16 16:10:08.358168 +00:00,a08aa18d-83e2-3c79-95c3-d0010a363efd,,,,,FALSE
ec898527-f119-438f-9373-3000855c7a9a,c27ec9d0-5679-4a82-9ce9-4e7808234588,0,2022-02-16 15:12:03.478891 +00:00,2022-02-16 16:10:40.342853 +00:00,ff1d4e44-0242-3e8c-877f-e5ce63234b5f,,,,,FALSE
67eb1c20-0eb9-40e5-91ba-f884088b2610,c27ec9d0-5679-4a82-9ce9-4e7808234588,0,2022-02-16 15:12:31.029529 +00:00,2022-02-16 16:09:08.370412 +00:00,07a65982-4101-3dcb-bb97-001eb5726e1f,,,,,FALSE
1ebbc478-99cd-4205-abad-5d0c9281e9a7,c27ec9d0-5679-4a82-9ce9-4e7808234588,0,2022-02-16 15:12:34.853478 +00:00,2022-02-16 16:09:23.633763 +00:00,5e816925-4c43-3bd5-820a-77ca5fe3ffc7,,,,,FALSE
c2737f61-d125-4b3f-ac79-f63e820a8f7f,c27ec9d0-5679-4a82-9ce9-4e7808234588,0,2022-02-16 15:12:12.869108 +00:00,2022-02-16 16:09:40.122997 +00:00,4f245810-e0d7-36ff-8553-b3617f45b0d9,,,,,FALSE
276d5585-42bd-42e7-a139-0d50d8759d15,c27ec9d0-5679-4a82-9ce9-4e7808234588,0,2022-02-16 15:12:17.478724 +00:00,2022-02-16 16:10:12.569926 +00:00,b5e76917-0796-3d53-8cc1-d900209ab1fc,,,,,FALSE
d4bc1987-c00f-43f5-b9ef-0ad256c00b12,c27ec9d0-5679-4a82-9ce9-4e7808234588,0,2022-02-16 15:12:26.401363 +00:00,2022-02-16 16:10:23.776633 +00:00,4fce377c-2ce5-32a3-87d7-af1c81cc7338,,,,,FALSE
fa0f9047-79f9-46b3-b13c-f8a7be635ef9,c27ec9d0-5679-4a82-9ce9-4e7808234588,0,2022-02-16 15:12:21.995418 +00:00,2022-02-16 16:10:27.293363 +00:00,a497ffb9-ced7-3082-a1aa-4c7c764ffdbd,,,,,FALSE
4bd339f5-d233-4bb8-a964-5703e10181a1,c27ec9d0-5679-4a82-9ce9-4e7808234588,0,2022-02-16 15:12:08.219021 +00:00,2022-02-16 16:10:43.850762 +00:00,4a960b7e-0560-3681-a490-57f20efea8c1,,,,,FALSE
5888c9de-60ff-426c-b953-b97d6150aa5f,c27ec9d0-5679-4a82-9ce9-4e7808234588,0,2022-02-16 15:12:40.281556 +00:00,2022-02-16 16:09:50.405375 +00:00,2667588f-a139-3267-82d3-76ffe1708bde,,,,,FALSE
adf82c5a-1daf-4dc0-a464-5cc1b745ed1d,c27ec9d0-5679-4a82-9ce9-4e7808234588,0,2022-02-16 15:12:45.145322 +00:00,2022-02-16 16:09:44.669100 +00:00,19ac0912-6770-3a25-b1df-9d1011ddfe67,,,,,FALSE
323dac9b-f6af-482e-9542-9b73a75cf4fb,c27ec9d0-5679-4a82-9ce9-4e7808234588,0,2022-02-16 15:15:12.679957 +00:00,2022-02-16 16:10:03.470171 +00:00,c70931cb-1e9c-39be-92d3-0691d8ea5d05,,,,,FALSE
265549b9-5292-41ac-954e-4edde4c0dc02,c27ec9d0-5679-4a82-9ce9-4e7808234588,0,2022-02-16 15:15:20.522814 +00:00,2022-02-16 16:10:15.973485 +00:00,7849c04f-94ee-358d-bf67-efe97dc4f930,,,,,FALSE
bebc85e8-6d13-4b3c-bd36-fd69155b7bb4,c27ec9d0-5679-4a82-9ce9-4e7808234588,0,2022-02-16 15:15:26.291186 +00:00,2022-02-16 16:10:35.515621 +00:00,503e4a47-6d4c-388e-b9d2-16d06e02a9a2,,,,,FALSE
0e7f53be-073a-4348-bfb9-21b531513f40,c27ec9d0-5679-4a82-9ce9-4e7808234588,0,2022-02-16 15:15:39.844547 +00:00,2022-02-16 16:09:36.118861 +00:00,012b5957-b4b3-3075-acd1-4f19cc666625,,,,,FALSE
743c1a50-87fe-45e7-b89b-ead117921aa9,c27ec9d0-5679-4a82-9ce9-4e7808234588,0,2022-02-16 15:15:47.298249 +00:00,2022-02-16 16:10:18.878879 +00:00,3e670fcf-df90-35cb-ac9c-0c869d0b769b,,,,,FALSE
e4293ede-62a4-41af-bf8d-d0afde9e3b35,c27ec9d0-5679-4a82-9ce9-4e7808234588,0,2022-02-16 15:16:00.577436 +00:00,2022-02-16 16:09:18.540913 +00:00,4efdaaeb-5885-3bdf-95cd-48d4255fe29d,,,,,FALSE
64e518e4-37f8-4400-ae2f-ce678d233da6,c27ec9d0-5679-4a82-9ce9-4e7808234588,0,2022-02-16 15:16:06.089896 +00:00,2022-02-16 16:09:55.924442 +00:00,0a0facb1-cb57-3d2d-8678-c6586524b0d5,,,,,FALSE
48501eb5-a614-4b5a-b70b-f9f01717e33b,c27ec9d0-5679-4a82-9ce9-4e7808234588,0,2022-02-16 15:16:12.142699 +00:00,2022-02-16 16:09:15.028328 +00:00,94e15273-5aac-3d78-b03e-77cbe02686d8,,,,,FALSE
5b62885b-910e-4eb7-a47f-e699a3030e4b,c27ec9d0-5679-4a82-9ce9-4e7808234588,0,2022-02-16 15:17:48.953889 +00:00,2022-02-16 16:10:31.902752 +00:00,cde8282a-6a06-3f8c-a755-13b807caa07a,,,,,FALSE
58ee2a10-7d1c-4761-9ee3-8c69425edccd,c27ec9d0-5679-4a82-9ce9-4e7808234588,0,2022-02-16 15:18:00.083666 +00:00,2022-02-16 16:09:59.468223 +00:00,dff50f1e-8bd8-367b-83bd-9fb7387e4a89,,,,,FALSE
bcaf5e6c-2980-4c33-bdda-b3f0d942e1a8,7f69c1a9-1516-4d0c-a893-72021bae01a9,0,2022-02-16 15:55:43.584357 +00:00,2022-02-16 15:55:43.584360 +00:00,acbeafad-52f2-3447-94d4-5ac551a4a7a4,,,,,FALSE
8255af73-2e1d-4c80-960f-46a2b757d30b,7f69c1a9-1516-4d0c-a893-72021bae01a9,0,2022-02-16 15:55:50.143920 +00:00,2022-02-16 15:55:50.143922 +00:00,7c246c09-002a-3544-ac3d-3814f1a572da,,,,,FALSE
490924fe-db6a-49f1-a10a-ba03c1074c91,7f69c1a9-1516-4d0c-a893-72021bae01a9,0,2022-02-16 15:55:45.770052 +00:00,2022-02-16 15:55:45.770054 +00:00,c6a4b28d-bae6-3fc9-bc5c-583efdd9c8f4,,,,,FALSE
cb903c8f-24c3-4556-b16b-09ee5333f09a,7f69c1a9-1516-4d0c-a893-72021bae01a9,0,2022-02-16 15:55:47.900892 +00:00,2022-02-16 15:55:47.900895 +00:00,e90f46d1-e10c-3f80-9472-34f0419dc57b,,,,,FALSE
1433f9a5-6e6b-40f7-9be9-e09fe9492a79,7f69c1a9-1516-4d0c-a893-72021bae01a9,0,2022-02-16 15:55:52.472891 +00:00,2022-02-16 15:55:52.472893 +00:00,6b031957-7ca7-3dcd-a4d4-8d365e17fb4e,,,,,FALSE
fbedfd77-f90a-43c8-91e0-aefb7d262215,7f69c1a9-1516-4d0c-a893-72021bae01a9,0,2022-02-16 15:55:57.302038 +00:00,2022-02-16 15:55:57.302040 +00:00,11af31f7-29d6-3765-bf43-41db14bc9858,,,,,FALSE
36388de6-3b68-4a6c-bc73-da5783ec88ac,7f69c1a9-1516-4d0c-a893-72021bae01a9,0,2022-02-16 15:56:08.990899 +00:00,2022-02-16 15:56:08.990902 +00:00,1674ffe6-76af-3568-8564-d6bfc01e128e,,,,,FALSE
2c987b56-8d28-40ad-9955-cdf2fdb7e008,7f69c1a9-1516-4d0c-a893-72021bae01a9,0,2022-02-16 15:56:12.196433 +00:00,2022-02-16 15:56:12.196435 +00:00,1ecde5c9-7b74-3e1b-9b9b-50aba8082458,,,,,FALSE
d9911bf6-deb3-419a-83da-e4a3f9eb49f9,7f69c1a9-1516-4d0c-a893-72021bae01a9,0,2022-02-16 15:56:16.028987 +00:00,2022-02-16 15:56:16.028989 +00:00,aa36843e-fc81-3a3d-b2bf-70654799391f,,,,,FALSE
e131fcc1-59b6-4379-a53b-54a5a0855be1,7f69c1a9-1516-4d0c-a893-72021bae01a9,0,2022-02-16 15:56:18.666861 +00:00,2022-02-16 15:56:18.666863 +00:00,5af77ea8-c7bf-31e7-a034-de2c73ef6cd9,,,,,FALSE
8ddceaee-9b34-4c85-a801-bd6bcf8c45d2,7f69c1a9-1516-4d0c-a893-72021bae01a9,0,2022-02-16 15:56:24.941353 +00:00,2022-02-16 15:56:24.941355 +00:00,d12da983-45f4-3e65-a3ce-df7558553252,,,,,FALSE
dd524e54-b4b7-44e8-a9d6-e77c02c2acad,7f69c1a9-1516-4d0c-a893-72021bae01a9,0,2022-02-16 15:56:29.509964 +00:00,2022-02-16 15:56:29.509966 +00:00,767a8133-3aa4-3b97-bde0-a739542deddc,,,,,FALSE
d4f3ebfc-9591-47ef-9832-8fd00820bc05,7f69c1a9-1516-4d0c-a893-72021bae01a9,0,2022-02-16 15:56:33.069578 +00:00,2022-02-16 15:56:33.069580 +00:00,8a688306-449b-33ea-80f5-2c3cd7ca6265,,,,,FALSE
de40efdb-1a0f-4dae-ac12-2c216decc532,7f69c1a9-1516-4d0c-a893-72021bae01a9,0,2022-02-16 15:56:43.276677 +00:00,2022-02-16 15:56:43.276679 +00:00,f5749617-8315-3e94-af69-5d3cadb82583,,,,,FALSE
2ce29d73-039a-4e8e-9dec-cedc647a524e,7f69c1a9-1516-4d0c-a893-72021bae01a9,0,2022-02-16 15:57:27.998517 +00:00,2022-02-16 15:57:27.998519 +00:00,41eb7162-eab9-3806-84cb-f1bfe5d74e55,,,,,FALSE
c4d323c1-04c5-4bd3-88b7-c37dc7fc5ad5,7f69c1a9-1516-4d0c-a893-72021bae01a9,0,2022-02-16 15:57:35.167169 +00:00,2022-02-16 15:57:35.167171 +00:00,f3d59f74-4ecf-394a-abf8-da29cbee5cbd,,,,,FALSE
69639927-9a2f-45ab-9502-c075e77d6ebc,7f69c1a9-1516-4d0c-a893-72021bae01a9,0,2022-02-16 15:57:54.766938 +00:00,2022-02-16 15:57:54.766940 +00:00,3d0a0e7b-a6c9-358c-85fb-490161d66a77,,,,,FALSE
e5f21f26-b414-445b-8ba3-0ac1e14b03ff,7f69c1a9-1516-4d0c-a893-72021bae01a9,0,2022-02-16 15:57:57.290110 +00:00,2022-02-16 15:57:57.290111 +00:00,59569f80-32e4-392f-921e-dc0f5df3059f,,,,,FALSE
80e673ab-6664-430b-a6ad-2d2865009223,7f69c1a9-1516-4d0c-a893-72021bae01a9,0,2022-02-16 15:58:20.472872 +00:00,2022-02-16 15:58:20.472875 +00:00,7b6d3c63-7f60-392e-891e-64dd0558dbec,,,,,FALSE
65fda9de-bf72-44a4-bd39-54a0a7cb3036,7f69c1a9-1516-4d0c-a893-72021bae01a9,0,2022-02-16 15:58:24.008526 +00:00,2022-02-16 15:58:24.008528 +00:00,7f50a5e6-098b-301b-a3a5-5223708b601c,,,,,FALSE
74cfbac0-b4e9-4257-9a0e-29e03f9caadf,7f69c1a9-1516-4d0c-a893-72021bae01a9,0,2022-02-16 15:58:27.778276 +00:00,2022-02-16 15:58:27.778278 +00:00,c1ca27ce-3969-3071-b1b2-4792ef269c38,,,,,FALSE
d3e5abcf-e390-46c5-a556-17c3ac3822c0,7f69c1a9-1516-4d0c-a893-72021bae01a9,0,2022-02-16 15:58:30.542866 +00:00,2022-02-16 15:58:30.542867 +00:00,8b7064dc-8324-3703-adc4-e7c2b09331e0,,,,,FALSE
80928d9c-9a8c-499c-a080-6a6802c59e7e,7f69c1a9-1516-4d0c-a893-72021bae01a9,0,2022-02-16 15:58:33.758110 +00:00,2022-02-16 15:58:33.758112 +00:00,661b00c5-80ac-3849-af1d-999ba270e19a,,,,,FALSE
0512b452-e7be-492a-a595-c714cc5d9418,7f69c1a9-1516-4d0c-a893-72021bae01a9,0,2022-02-16 15:58:37.695585 +00:00,2022-02-16 15:58:37.695586 +00:00,1b95151b-1393-3c7c-8eb2-c5c7cd6f1e57,,,,,FALSE
8e4f3f83-aec7-47c1-a44c-9a7007bc17f6,7f69c1a9-1516-4d0c-a893-72021bae01a9,0,2022-02-16 15:58:43.763052 +00:00,2022-02-16 15:58:43.763054 +00:00,5bf702fb-36b0-3154-8e08-9d345843d233,,,,,FALSE
789ec461-cc22-46c5-8c99-0fc31db14fb7,7f69c1a9-1516-4d0c-a893-72021bae01a9,0,2022-02-16 15:58:45.422341 +00:00,2022-02-16 15:58:45.422343 +00:00,3a7fd98e-f5bb-31d8-908c-5db19208c241,,,,,FALSE
44fb3dfa-438e-43ce-825d-4723454df5ae,7f69c1a9-1516-4d0c-a893-72021bae01a9,0,2022-02-16 15:58:48.540670 +00:00,2022-02-16 15:58:48.540671 +00:00,aa7c86a6-5d01-325f-9be3-9dbafea0c1ba,,,,,FALSE
83a51641-0420-4b86-9911-60453f61106c,7f69c1a9-1516-4d0c-a893-72021bae01a9,0,2022-02-16 15:58:53.242136 +00:00,2022-02-16 15:58:53.242138 +00:00,59ad9e09-d6fe-3291-b45a-c5821061afd9,,,,,FALSE
b5ed0765-0ffa-4be3-9b76-086ba8066ef8,7f69c1a9-1516-4d0c-a893-72021bae01a9,0,2022-02-16 15:58:57.579712 +00:00,2022-02-16 15:58:57.579714 +00:00,5ed2cd43-8621-3243-b2b3-a8b9864bd77d,,,,,FALSE
29a37660-cc5d-4d65-8b9d-f70f7d57884a,7f69c1a9-1516-4d0c-a893-72021bae01a9,0,2022-02-16 15:59:03.023852 +00:00,2022-02-16 15:59:03.023854 +00:00,2b1796c5-624e-3742-9e8b-dd62cd9726b6,,,,,FALSE
5f339eea-99d7-4ad2-9640-f11d1ace77ab,7f69c1a9-1516-4d0c-a893-72021bae01a9,0,2022-02-16 14:53:06.943230 +00:00,2022-02-16 14:53:06.943232 +00:00,3f781a9b-b269-3e2a-96cc-a3548e087c13,,,,,FALSE
81587a07-9093-4a4b-ab49-46a4d7ab17ed,da8822cb-0d20-4ba5-bcb5-39ff505b2c65,0,2022-02-16 16:15:11.912669 +00:00,2022-02-16 16:16:48.116124 +00:00,8a6a5a40-aa8e-371f-8c70-cfa3128cd91c,,,,,FALSE
ce8c9342-28da-4015-b52e-8fa1f9cb9601,da8822cb-0d20-4ba5-bcb5-39ff505b2c65,0,2022-02-16 14:53:04.438338 +00:00,2022-02-16 14:53:04.438340 +00:00,89bd6fae-9b4a-3619-aa4a-dbbcf02f4548,,,,,FALSE
5174165d-5cbe-4290-ba0c-b1f12ffd3d6b,da8822cb-0d20-4ba5-bcb5-39ff505b2c65,0,2022-02-16 14:53:18.382762 +00:00,2022-02-16 14:53:18.382763 +00:00,020635bd-910e-3545-b7bb-337538fe947b,,,,,FALSE
c8fea071-6bfd-4246-ba80-a58cc6191408,da8822cb-0d20-4ba5-bcb5-39ff505b2c65,0,2022-02-16 14:53:24.494812 +00:00,2022-02-16 14:53:24.494814 +00:00,dea34633-06bc-3e3c-b7eb-0ea12338e4bd,,,,,FALSE
1b7eb671-3c2b-450c-877a-257dc0709132,da8822cb-0d20-4ba5-bcb5-39ff505b2c65,0,2022-02-16 14:53:28.001183 +00:00,2022-02-16 14:53:28.001184 +00:00,8b0aa8d9-6a56-3eb4-bd2c-11ae4cdc2daa,,,,,FALSE
f4d5b58e-1f89-4b9e-b797-f5a4b0d897cf,da8822cb-0d20-4ba5-bcb5-39ff505b2c65,0,2022-02-16 14:53:31.785523 +00:00,2022-02-16 14:53:31.785526 +00:00,73ba13df-9b45-33b2-b325-1c167ea9c25f,,,,,FALSE
d5410ff6-c800-4c0c-b936-8eefbbe81e9a,da8822cb-0d20-4ba5-bcb5-39ff505b2c65,0,2022-02-16 14:53:35.107695 +00:00,2022-02-16 14:53:35.107697 +00:00,ef00297d-0c7f-3bbf-834c-9163fd8cfc29,,,,,FALSE
6e190f7b-0fe6-46b7-830c-20d978b792f2,da8822cb-0d20-4ba5-bcb5-39ff505b2c65,0,2022-02-16 14:53:38.488628 +00:00,2022-02-16 14:53:38.488629 +00:00,cdf3838d-d954-39bd-bb21-a8c40608b910,,,,,FALSE
3bcac38d-f27f-4680-b4dc-cd74f7c5341c,da8822cb-0d20-4ba5-bcb5-39ff505b2c65,0,2022-02-16 14:53:43.779107 +00:00,2022-02-16 14:53:43.779120 +00:00,a65a7582-f164-3a4c-ba05-234e084a4b56,,,,,FALSE
983e5c46-2442-4d6c-b75a-f56c269a324c,da8822cb-0d20-4ba5-bcb5-39ff505b2c65,0,2022-02-16 14:53:47.881491 +00:00,2022-02-16 14:53:47.881493 +00:00,4fc3859d-ae8f-3398-8562-a47933a872f8,,,,,FALSE
8e5bd0f3-395e-49be-aa7b-c1fa7d9be959,da8822cb-0d20-4ba5-bcb5-39ff505b2c65,0,2022-02-16 14:53:50.980138 +00:00,2022-02-16 14:53:50.980140 +00:00,421b29d2-f592-30d5-8c0b-9b121d380ade,,,,,FALSE
262b7ef4-4c6f-4688-bdfd-e10be48f6314,da8822cb-0d20-4ba5-bcb5-39ff505b2c65,0,2022-02-16 14:53:55.304463 +00:00,2022-02-16 14:53:55.304465 +00:00,307e5e1d-9082-3a30-abb1-23636f8986d2,,,,,FALSE
976bb87c-e2d4-43a1-b8d6-85efc0302d0d,da8822cb-0d20-4ba5-bcb5-39ff505b2c65,0,2022-02-16 14:53:57.902451 +00:00,2022-02-16 14:53:57.902453 +00:00,cee0a491-b645-31ba-93c8-76aeff0367b3,,,,,FALSE
7061d75b-c2b5-4240-9143-5a5393bc54bd,da8822cb-0d20-4ba5-bcb5-39ff505b2c65,0,2022-02-16 14:54:01.891712 +00:00,2022-02-16 14:54:01.891720 +00:00,5eeedef5-2456-3f16-b782-b197ca2d7788,,,,,FALSE
17b31350-b8da-4bf4-860d-9a474d86ff76,da8822cb-0d20-4ba5-bcb5-39ff505b2c65,0,2022-02-16 14:54:05.575369 +00:00,2022-02-16 14:54:05.575371 +00:00,7951251c-984d-37ab-bbe9-bc1d48c8a23b,,,,,FALSE
860e1ced-0b89-4de0-b16a-dd83b8a0db1b,da8822cb-0d20-4ba5-bcb5-39ff505b2c65,0,2022-02-16 14:54:08.566326 +00:00,2022-02-16 14:54:08.566328 +00:00,971a0df7-21a7-3bdd-9ba8-6ccef19cd1b2,,,,,FALSE
906fa000-1c4b-4888-b5e4-ae8da72a6da5,da8822cb-0d20-4ba5-bcb5-39ff505b2c65,0,2022-02-16 14:54:12.936161 +00:00,2022-02-16 14:54:12.936163 +00:00,ce25f574-7c8b-3584-8423-f45e3d447ee2,,,,,FALSE
98080de3-004c-418a-99b0-1e499022ab4c,da8822cb-0d20-4ba5-bcb5-39ff505b2c65,0,2022-02-16 14:54:16.298666 +00:00,2022-02-16 14:54:16.298668 +00:00,35ce77fb-86e0-3344-b5ea-741a01514aab,,,,,FALSE
e09b718c-7eea-4af5-b0fa-15f1e495259f,da8822cb-0d20-4ba5-bcb5-39ff505b2c65,0,2022-02-16 14:54:21.049922 +00:00,2022-02-16 14:54:21.049924 +00:00,45f4f703-1425-34cc-b660-77b72aea0aec,,,,,FALSE
24c69778-c703-4130-86f9-c698743f34d4,da8822cb-0d20-4ba5-bcb5-39ff505b2c65,0,2022-02-16 14:54:24.511400 +00:00,2022-02-16 14:54:24.511402 +00:00,f0fb3ee2-f496-3c53-897c-8f73ae569a66,,,,,FALSE
c6f08759-52be-4c77-b399-a289b9af2d05,da8822cb-0d20-4ba5-bcb5-39ff505b2c65,0,2022-02-16 14:54:29.050346 +00:00,2022-02-16 14:54:29.050347 +00:00,9dddc737-8035-356b-81dc-dada4500b4ee,,,,,FALSE
b4d1a322-5bf0-4a53-b6d3-cf2577fbe10c,da8822cb-0d20-4ba5-bcb5-39ff505b2c65,0,2022-02-16 14:54:35.709624 +00:00,2022-02-16 14:54:35.709626 +00:00,3fb76330-6b10-3253-8010-2cdd038bfde0,,,,,FALSE
b2142a22-7f21-47aa-b919-0d4775682215,da8822cb-0d20-4ba5-bcb5-39ff505b2c65,0,2022-02-16 14:54:42.295964 +00:00,2022-02-16 14:54:42.295965 +00:00,35251e5a-0d1c-3f01-92ba-3f7c0b783729,,,,,FALSE
50b673a8-acf6-4c56-8887-e26875ddf682,da8822cb-0d20-4ba5-bcb5-39ff505b2c65,0,2022-02-16 14:54:48.333611 +00:00,2022-02-16 14:54:48.333613 +00:00,fe8a46c7-d50a-3f3a-ae37-a0a71ade4fcf,,,,,FALSE
f35f1c4f-a777-4412-80f9-153dedc28c87,da8822cb-0d20-4ba5-bcb5-39ff505b2c65,0,2022-02-16 14:54:51.562597 +00:00,2022-02-16 14:54:51.562600 +00:00,1646be9b-68b0-33e7-bc73-671c4437405f,,,,,FALSE
d3fcf8ac-3080-4714-aff8-d72df464f457,da8822cb-0d20-4ba5-bcb5-39ff505b2c65,0,2022-02-16 14:54:56.637544 +00:00,2022-02-16 14:54:56.637546 +00:00,70652118-5c40-34a2-abb5-e7a97f6f326c,,,,,FALSE
aae0bb1f-0b75-4b2a-8854-269849181b22,da8822cb-0d20-4ba5-bcb5-39ff505b2c65,0,2022-02-16 14:55:02.374926 +00:00,2022-02-16 14:55:02.374927 +00:00,d334d3dc-0b45-3357-b76e-cce71f077521,,,,,FALSE
886f1a16-c1e0-4cfd-bfb8-3aaa3017e49f,da8822cb-0d20-4ba5-bcb5-39ff505b2c65,0,2022-02-16 14:55:05.914812 +00:00,2022-02-16 14:55:05.914814 +00:00,d7524757-1c7b-3e64-953c-285a3b0759e7,,,,,FALSE
dae169ce-574d-4db2-b90b-00f009c5ecc1,da8822cb-0d20-4ba5-bcb5-39ff505b2c65,0,2022-02-16 14:55:10.545458 +00:00,2022-02-16 14:55:10.545460 +00:00,2309d8d9-645a-3592-b483-deb06338f49a,,,,,FALSE
620b9249-a9be-4303-bf05-817864550ee6,da8822cb-0d20-4ba5-bcb5-39ff505b2c65,0,2022-02-16 14:55:14.658951 +00:00,2022-02-16 14:55:14.658953 +00:00,af97c00b-c948-32ee-86f0-889011603fb2,,,,,FALSE
d89aec8e-98cc-468f-8349-14e62e781051,da8822cb-0d20-4ba5-bcb5-39ff505b2c65,0,2022-02-16 14:55:39.968512 +00:00,2022-02-16 14:55:39.968514 +00:00,ab0b8df4-96d5-3473-b548-6126a356c3e0,,,,,FALSE
595c7095-f862-4357-85c9-db174b2cc3ba,da8822cb-0d20-4ba5-bcb5-39ff505b2c65,0,2022-02-16 14:55:43.215177 +00:00,2022-02-16 14:55:43.215179 +00:00,8825c2cb-9a48-3fbd-b530-1549b2d386b1,,,,,FALSE
f22a98f1-3eae-42cc-844a-b3500a7596f6,da8822cb-0d20-4ba5-bcb5-39ff505b2c65,0,2022-02-16 14:55:47.435046 +00:00,2022-02-16 14:55:47.435047 +00:00,5a937992-3cd6-374e-9553-a60dc36d770c,,,,,FALSE
6f2a2894-4ce8-4652-b119-fb633afbcc8f,da8822cb-0d20-4ba5-bcb5-39ff505b2c65,0,2022-02-16 14:55:51.422008 +00:00,2022-02-16 14:55:51.422010 +00:00,8ea44607-936e-363f-ad0f-f8806b80886a,,,,,FALSE
e1ecfe7f-a8f7-4f21-a763-ad01d45deb61,da8822cb-0d20-4ba5-bcb5-39ff505b2c65,0,2022-02-16 14:55:55.353193 +00:00,2022-02-16 14:55:55.353195 +00:00,6b0eaec0-92be-3f51-ad21-5dda6a03a057,,,,,FALSE
7018948d-5153-4a27-836e-8027a7c991f4,da8822cb-0d20-4ba5-bcb5-39ff505b2c65,0,2022-02-16 14:55:58.373536 +00:00,2022-02-16 14:55:58.373539 +00:00,f59cbf86-e7ce-355e-a730-a9e77a6d3f65,,,,,FALSE
b5f5e056-ff89-489e-bd72-5a8ee100b265,da8822cb-0d20-4ba5-bcb5-39ff505b2c65,0,2022-02-16 14:56:02.022268 +00:00,2022-02-16 14:56:02.022270 +00:00,da31f347-1c92-32f6-81dd-9c6554c77170,,,,,FALSE
c459909b-bc53-46b3-9dd1-4255fa5d8256,da8822cb-0d20-4ba5-bcb5-39ff505b2c65,0,2022-02-16 14:56:05.664777 +00:00,2022-02-16 14:56:05.664778 +00:00,60b7a69b-6e17-385d-811c-9f092d958aca,,,,,FALSE
1f8b9736-01d4-4b4b-8e79-a2d70d6d75ed,da8822cb-0d20-4ba5-bcb5-39ff505b2c65,0,2022-02-16 14:56:09.398264 +00:00,2022-02-16 14:56:09.398266 +00:00,ba2218c1-3803-3b8d-8535-cff7f67078ca,,,,,FALSE
400638f0-465c-4f82-a75f-a9ec739c960e,da8822cb-0d20-4ba5-bcb5-39ff505b2c65,0,2022-02-16 14:56:13.329850 +00:00,2022-02-16 14:56:13.329852 +00:00,18011d5e-a739-33a0-b055-639dbe87a664,,,,,FALSE
abd25415-427f-41c2-a637-19bd32fac1cc,da8822cb-0d20-4ba5-bcb5-39ff505b2c65,0,2022-02-16 14:56:17.516383 +00:00,2022-02-16 14:56:17.516384 +00:00,055e7e95-c675-3f3f-86b6-95aec9d110ee,,,,,FALSE
df1aa8de-ed58-4ca3-8bbd-03081cb7ee7f,da8822cb-0d20-4ba5-bcb5-39ff505b2c65,0,2022-02-16 14:56:36.512785 +00:00,2022-02-16 14:56:36.512787 +00:00,cd8a5e99-c3c6-324c-b726-cec90665ad8a,,,,,FALSE
78bc3b1a-267c-441e-920f-8e3817170f53,da8822cb-0d20-4ba5-bcb5-39ff505b2c65,0,2022-02-16 14:56:57.033541 +00:00,2022-02-16 14:56:57.033543 +00:00,0c48326e-e03b-3964-85b4-0b5d5fb32d65,,,,,FALSE
324a5a50-dc95-4052-9693-6cc9aa96deb4,da8822cb-0d20-4ba5-bcb5-39ff505b2c65,0,2022-02-16 14:57:01.186770 +00:00,2022-02-16 14:57:01.186771 +00:00,25b85433-7275-3900-9928-a96cbda0bbbc,,,,,FALSE
8d866bc8-6ac6-4db4-880d-5ef83735e990,da8822cb-0d20-4ba5-bcb5-39ff505b2c65,0,2022-02-16 14:56:21.026056 +00:00,2022-02-16 14:56:21.026057 +00:00,76f1ac23-4ab3-38a1-aaaf-cb2334e1f271,,,,,FALSE
583eedf4-4ed2-4a69-8d24-d38dd7ff6e21,da8822cb-0d20-4ba5-bcb5-39ff505b2c65,0,2022-02-16 14:56:41.102981 +00:00,2022-02-16 14:56:41.102983 +00:00,756d5533-3a8d-316b-92fb-a2a8495dd155,,,,,FALSE
caf6f536-13e2-446d-aae4-3407a1e17378,da8822cb-0d20-4ba5-bcb5-39ff505b2c65,0,2022-02-16 14:57:05.499375 +00:00,2022-02-16 14:57:05.499376 +00:00,003a255f-375e-3878-8647-1f2d0dc8e6ed,,,,,FALSE
f19587d8-62b5-42c2-9bb9-7ca09c335654,da8822cb-0d20-4ba5-bcb5-39ff505b2c65,0,2022-02-16 14:56:25.247796 +00:00,2022-02-16 14:56:25.247798 +00:00,3922b7cc-8376-395c-8666-7bd262874078,,,,,FALSE
7b8cafb8-3e72-4fab-9e20-c2c3046f04ae,da8822cb-0d20-4ba5-bcb5-39ff505b2c65,0,2022-02-16 14:56:45.082581 +00:00,2022-02-16 14:56:45.082582 +00:00,e876c357-d7c9-3244-b21e-b51fc4a105fc,,,,,FALSE
e2c6c3f1-1bd7-4acf-a6a1-111f93ae6e25,da8822cb-0d20-4ba5-bcb5-39ff505b2c65,0,2022-02-16 14:56:28.705353 +00:00,2022-02-16 14:56:28.705356 +00:00,9dc9c459-091b-37dc-99df-efbd0b6c75a4,,,,,FALSE
d7c6c616-473d-413b-a748-e971fdf70c8b,da8822cb-0d20-4ba5-bcb5-39ff505b2c65,0,2022-02-16 14:56:49.105385 +00:00,2022-02-16 14:56:49.105387 +00:00,a0594b78-1f77-3c81-953f-8ffafb171360,,,,,FALSE
df644975-0b25-4585-bf6e-cf8b62abbfc6,da8822cb-0d20-4ba5-bcb5-39ff505b2c65,0,2022-02-16 14:56:33.190257 +00:00,2022-02-16 14:56:33.190258 +00:00,4feda5b2-3839-344e-b2e0-a855400f2ab4,,,,,FALSE
7654a903-ae88-4d96-9186-697c41306b3d,da8822cb-0d20-4ba5-bcb5-39ff505b2c65,0,2022-02-16 14:56:53.509730 +00:00,2022-02-16 14:56:53.509731 +00:00,4640ab38-7838-3a41-a654-eb9ae3ef916c,,,,,FALSE
6fb32cc6-ba48-4391-8fd4-d0559c1d37ed,da8822cb-0d20-4ba5-bcb5-39ff505b2c65,0,2022-02-16 14:57:43.708693 +00:00,2022-02-16 14:57:43.708695 +00:00,42b70c25-5bbc-3eba-8731-45c21f9fe60e,,,,,FALSE
5b49258b-91fd-4d80-99b1-c094247e267c,da8822cb-0d20-4ba5-bcb5-39ff505b2c65,0,2022-02-16 14:57:46.584813 +00:00,2022-02-16 14:57:46.584814 +00:00,9175a022-f3df-3335-99ca-43708b766b76,,,,,FALSE
c08cfed4-3e59-4a67-bc59-c8a7367ca1b0,da8822cb-0d20-4ba5-bcb5-39ff505b2c65,0,2022-02-16 14:57:52.352972 +00:00,2022-02-16 14:57:52.352974 +00:00,d9973f35-a8dc-359d-b0a5-2d7f2b68d564,,,,,FALSE
c4fafdeb-0ba7-4e24-bdfd-6e423339ab4d,da8822cb-0d20-4ba5-bcb5-39ff505b2c65,0,2022-02-16 14:57:55.510949 +00:00,2022-02-16 14:57:55.510951 +00:00,5a4eba0d-d6b1-366a-aa3b-7f12204069a7,,,,,FALSE
90a8382b-53f6-472e-b8aa-e18585364d48,da8822cb-0d20-4ba5-bcb5-39ff505b2c65,0,2022-02-16 14:57:59.758555 +00:00,2022-02-16 14:57:59.758557 +00:00,573c87f8-4764-3e3e-87d1-deba55fe26bf,,,,,FALSE
